{
  "small_n_run": {
    "n_per_domain": 5,
    "seed": 42,
    "n_total": 20,
    "pearson_r_complexity_vs_gain": -0.16651585372594999,
    "r_squared": 0.02772752954208202,
    "domain_summary": {
      "finance": {
        "mean_gain": 0.15246005281743927,
        "mean_complexity": 0.4702253836227902,
        "n": 5
      },
      "legal": {
        "mean_gain": 0.14706667711127266,
        "mean_complexity": 0.47689186111241577,
        "n": 5
      },
      "medical": {
        "mean_gain": 0.15533245282661837,
        "mean_complexity": 0.510337262643481,
        "n": 5
      },
      "technical": {
        "mean_gain": 0.14655009660245183,
        "mean_complexity": 0.45426949202133465,
        "n": 5
      }
    },
    "domains_ranked_by_mean_gain": [
      ["medical", 0.15533245282661837],
      ["finance", 0.15246005281743927],
      ["legal", 0.14706667711127266],
      ["technical", 0.14655009660245183]
    ],
    "predicted_gain_by_complexity_level": {
      "0.2": 0.1805738213894468,
      "0.4": 0.1588263361745472,
      "0.6": 0.1370788509596476,
      "0.8": 0.11533136574474798,
      "1.0": 0.09358388052984838
    },
    "note": "Data is synthetic (independent random draws); a Pearson r near 0 here is EXPECTED and indicates the generator does not encode a complexity-gain relationship, not a code bug."
  },
  "large_n_run": {
    "n_per_domain": 200,
    "seed": 42,
    "n_total": 800,
    "pearson_r_complexity_vs_gain": 0.004970805204802828,
    "r_squared": 2.470890438477369e-05,
    "domain_summary": {
      "finance": {
        "mean_gain": 0.1547874145426482,
        "mean_complexity": 0.5060591476483352,
        "n": 200
      },
      "legal": {
        "mean_gain": 0.14695392244625338,
        "mean_complexity": 0.5107092325155328,
        "n": 200
      },
      "medical": {
        "mean_gain": 0.15125821412873974,
        "mean_complexity": 0.48456488221671423,
        "n": 200
      },
      "technical": {
        "mean_gain": 0.15211248231392846,
        "mean_complexity": 0.49287826716663735,
        "n": 200
      }
    },
    "domains_ranked_by_mean_gain": [
      ["finance", 0.1547874145426482],
      ["technical", 0.15211248231392846],
      ["medical", 0.15125821412873974],
      ["legal", 0.14695392244625338]
    ],
    "predicted_gain_by_complexity_level": {
      "0.2": 0.15042167110754626,
      "0.4": 0.15099532977967167,
      "0.6": 0.15156898845179706,
      "0.8": 0.15214264712392245,
      "1.0": 0.15271630579604786
    },
    "note": "Data is synthetic (independent random draws); a Pearson r near 0 here is EXPECTED and indicates the generator does not encode a complexity-gain relationship, not a code bug."
  }
}
